VehicleID,Amount
VHL18518,10.13431092743194
VHL17149,4.970599702933936
VHL10927,6.750342595223515
VHL12909,7.5919492041688015
VHL12348,2.2899966534359173
VHL10798,8.177331368130643
VHL11022,11.053100574648711
VHL12206,7.847018471595323
VHL11697,4.484281944396188
VHL12313,2.4592094389225263
VHL13411,7.229952738728965
VHL14334,1.9825928970588225
VHL14302,3.3918461456657036
VHL13979,5.982249478355052
VHL12272,6.152780665578671
VHL15071,3.5517942965665283
VHL19166,11.529958607625288
VHL10471,13.235882534867919
VHL18431,6.20439292080933
VHL12325,6.801478902465259
VHL15657,2.1610283196489433
VHL13667,27.776248754984145
VHL18913,1.3753734106218969
VHL13273,13.47043121181841
VHL16576,4.2734142870121
VHL15506,4.933427255527927
VHL10460,22.24184357342092
VHL16050,1.4400735274561733
VHL17918,3.728151183713752
VHL12992,6.304830546923336
VHL10261,6.122862346701251
VHL18348,7.647793071435526
VHL11577,4.3788152605057755
VHL16957,2.0660865476220702
VHL16165,10.003766251763311
VHL11441,4.19558859022516
VHL19990,3.059546057186458
VHL14072,5.609846130477472
VHL13637,7.610494985253288
VHL10757,13.046469618772162
VHL12657,16.676241819917173
VHL19939,4.060407023103078
VHL12094,6.9266563794018206
VHL17177,4.071881866890862
VHL16720,4.398198624643204
VHL11478,4.682713931412186
VHL14386,19.239601165820677
VHL11341,11.959638771744292
VHL18683,3.6776983746087586
VHL13430,11.877992382382017
VHL18932,6.244692741097985
VHL17505,7.711512980373411
VHL16272,6.796105687268284
VHL14777,2.165953915680768
VHL13186,4.701717574926476
VHL19383,3.0561952299694326
VHL14605,6.695931827027124
VHL11440,10.349558916108272
VHL14303,7.066789084262491
VHL19478,5.103585366555912
VHL17837,2.904386617341393
VHL12824,2.481265609409441
VHL17476,3.3050317376810363
VHL18988,7.473698928484258
VHL19482,6.071994456148664
VHL13263,2.0154192350343556
VHL17078,11.422203425143845
VHL19170,10.298318160948524
VHL18070,5.531648928970076
VHL18061,2.6865526174831653
VHL10726,1.6260601798011556
VHL19212,1.3645996420877173
VHL13283,4.769526589544159
VHL14023,4.7975732853424615
VHL16973,4.186019583025504
VHL19653,4.701793159606804
VHL18605,5.272573871353914
VHL13287,10.03079134508003
VHL15719,3.810713617365542
VHL19636,7.343250197160761
VHL11009,8.514138217851366
VHL18087,2.970594018737411
VHL14422,15.892192986949736
VHL15789,15.877248081252562
VHL12369,7.31422489851976
VHL15812,7.716440408731348
VHL18767,14.461773539800866
VHL19271,5.114063373152452
VHL17403,9.006466950426232
VHL12967,7.2594659177545635
VHL19998,7.076720322088681
VHL12336,3.465873448961969
VHL10328,4.297132561266043
VHL18908,4.7143829771020584
VHL11127,1.9375327686171477
VHL12655,2.071776702416534
VHL19086,10.225743399606388
VHL10384,4.243676947188004
VHL15712,8.885190254297886
VHL11054,6.2855123369185435
VHL16505,7.633333452301438
VHL10534,1.5298473553513587
VHL14120,7.6054589011924785
VHL10206,12.96627337518779
VHL13595,3.9218946571428264
VHL15887,4.7017640299734955
VHL12672,4.301249656930512
VHL19770,20.25138681898312
VHL13026,22.956609643255216
VHL12635,35.62930242725679
VHL14014,4.019919072704767
VHL19238,2.350344879013947
VHL18156,3.5758760252837756
VHL13087,3.269853011150656
VHL13743,2.5318454439359668
VHL19323,24.753196060512085
VHL16129,3.9883800274864893
VHL17626,9.912863459736316
VHL14525,1.8648398446471395
VHL15597,8.166994752510274
VHL19429,4.006664245921118
VHL14074,4.387475951541633
VHL17422,54.85713660384237
VHL11861,22.727972125606566
VHL19828,7.519533185737908
VHL14000,4.388369337841508
VHL12312,4.81866050573108
VHL16257,4.734730726169565
VHL14859,5.848222624546329
VHL16048,2.422457596376266
VHL14039,3.1769839278279157
VHL10296,3.9494892909833084
VHL14949,3.897304217466027
VHL17034,18.70640080914698
VHL17149,9.78353834759274
VHL19677,6.745413380250427
VHL14433,4.360266975796402
VHL16582,3.982490488615764
VHL10059,5.384242658330868
VHL17140,18.79641467747313
VHL10364,2.5585839902546708
VHL16932,2.636777020948462
VHL18587,1.808798322518134
VHL13635,7.736933099967196
VHL18371,9.272861757905801
VHL19622,6.900834353690973
VHL18669,2.3907336989694197
VHL17359,4.69972672699669
VHL19788,10.318011930102445
VHL19078,4.266023994973873
VHL12673,2.4675462526746763
VHL17895,3.277748979282146
VHL18950,6.4570370483139445
VHL13562,17.11369014569209
VHL11306,4.161704506921878
VHL15496,7.009152773146306
VHL11927,10.559525101232333
VHL10392,7.810786094814425
VHL14124,5.490894460123311
VHL12586,4.335225778996906
VHL12895,2.9898426043869266
VHL18481,6.102524580574312
VHL11310,8.813214658534443
VHL15810,4.619548989593724
VHL16037,3.0043904431269515
VHL19627,52.413856708539114
VHL11152,12.853638274084267
VHL17698,37.62352821086551
VHL19815,23.604214551419958
VHL18192,5.731495263874445
VHL19720,6.085085559834118
VHL11686,3.6661750024692266
VHL18649,3.6084581709537633
VHL12765,8.410861828431205
VHL10026,1.635067014672519
VHL11001,5.1390261159653265
VHL13433,2.654964998987668
VHL17827,6.218230279229001
VHL12344,9.328693161147616
VHL17308,27.49162996162714
VHL18722,7.5178390465708285
VHL17199,10.178678603594042
VHL15338,14.721096168488105
VHL16946,4.697582145495739
VHL11039,7.992433835853306
VHL18017,4.1167563739025494
VHL15945,10.268031586933507
VHL14724,9.926872708779962
VHL15314,5.931345751079518
VHL14276,2.311955444903774
VHL17883,2.308593485066396
VHL14385,14.489463859274004
VHL18665,1.9087309435098567
VHL15936,7.807557042979845
VHL19518,7.09655682121051
VHL13530,2.706677414838328
VHL17861,6.677640541447772
VHL10966,8.721625859490768
VHL11652,3.4099534847581467
VHL16641,1.838857360280437
VHL12017,3.9121838428054576
VHL14856,2.867150838639249
VHL16801,7.6389804118039795
VHL16814,9.415881327879303
VHL13748,22.43252523578426
VHL13104,8.863866256727261
VHL10022,3.974253605666917
VHL14787,3.740486761852554
VHL19015,8.977999037341702
VHL11089,6.6202073759365865
VHL13873,5.178256274992956
VHL15486,12.905849905085487
VHL13253,4.366058813999551
VHL15232,9.524372443029572
VHL18914,3.768247533140756
VHL14922,7.578428056935982
VHL14541,2.8906984525976305
VHL15820,27.066748353589656
VHL10710,3.226597636425873
VHL11752,8.796190001803069
VHL13868,3.293446800431732
VHL17442,10.594199394817588
VHL14571,7.095857977687892
VHL17155,8.320257097930192
VHL11093,6.617913552326915
VHL18280,6.234616526329443
VHL18425,5.718450906801476
VHL10175,4.092729009741042
VHL15307,7.627158584576937
VHL18062,4.6030823106241305
VHL18972,7.08272631612468
VHL11185,1.9172252661920215
VHL10343,4.249157244578853
VHL10450,4.906194000520629
VHL19621,15.177100144380557
VHL14502,10.061911741893175
VHL12768,1.9054026093106557
VHL19922,4.160408968100054
VHL10824,6.947185634780355
VHL16646,3.839212803057512
VHL15462,10.599506862258858
VHL15801,4.3788152605057755
VHL10322,14.568023676767433
VHL15613,6.8796863571657765
VHL17756,5.235616271939066
VHL16186,7.149386136711504
VHL19061,7.2833950578900275
VHL13446,4.363788355001907
VHL10599,3.944370447837613
VHL18255,4.138605723853408
VHL17948,3.8121356657372742
VHL17616,6.03955286124994
VHL17664,9.592652658395254
VHL18299,3.5523471023955064
VHL18959,2.752272356230938
VHL10473,5.867757041512818
VHL17271,12.379974066032368
VHL19798,20.46602147252836
VHL17935,6.791131443266067
VHL10245,7.6035895011368595
VHL15041,26.95160951530232
VHL15001,10.681718948248307
VHL16287,6.4979508690617696
VHL13974,4.029859342208548
VHL15764,2.590630744193608
VHL18888,4.518457709928889
VHL14882,5.430415523600306
VHL19424,5.222138940199913
VHL13785,15.479779305894272
VHL10783,5.8510431992484655
VHL19808,5.892584074860619
VHL18890,9.205385830942875
VHL13440,15.503022865472111
VHL13285,18.707127185778013
VHL18805,16.151278701054583
VHL18550,2.6158738104000667
VHL10061,3.609638421149015
VHL18522,4.472343759983974
VHL16813,5.5840975858426445
VHL11036,9.089225915610323
VHL12107,5.503234539076058
VHL17826,2.9005812109484737
VHL14449,3.451348297677725
VHL14938,1.11160234413658
VHL14098,28.10532150650686
VHL19241,7.742342248122373
VHL17856,13.202510791846361
VHL18900,1.6798952951081745
VHL11133,10.01143896738166
VHL11687,17.132213075022385
VHL12719,2.6249942957354815
VHL15531,6.160054124989767
VHL17329,9.86691218272293
VHL16806,7.331685203169241
VHL11582,1.4921125007994749
VHL16362,3.7824863828152813
VHL11119,1.4864014283365532
VHL13806,9.807379123748845
VHL11733,4.885859561120458
VHL18959,68.8945865823239
VHL17287,6.323831838580507
VHL11709,5.9354929737985245
VHL19793,7.105526253598222
VHL19880,9.548684702654647
VHL19964,19.28343306336874
VHL12784,9.58571735608564
VHL17371,23.930260877056124
VHL12439,3.2565254532523373
VHL16652,2.2956767928128783
VHL17836,14.94524283395052
VHL16597,5.411045295726573
VHL18707,4.872838528853646
VHL16683,8.791322416735996
VHL15365,4.658612039951989
VHL13507,10.904341256866001
VHL14459,41.74080335115791
VHL19300,5.176265373594781
VHL18418,19.09201411727634
VHL15350,8.870845748476675
VHL15927,6.570885322567921
VHL12985,6.944925674082625
VHL10426,6.889571585125758
VHL10506,4.984821420926453
VHL11042,30.02765659370123
VHL18043,5.060040080925312
VHL16258,5.239487714290274
VHL19326,3.4000862764313764
VHL15424,11.302195609426713
VHL19014,3.86051619694273
VHL11310,10.168621602955275
VHL12927,4.682978520710168
VHL10082,7.5233429772703975
VHL10068,2.9081397578909876
VHL13660,9.895457196507296
VHL18810,9.555226532169483
VHL17666,4.492224649614021
VHL18022,12.978624041570164
VHL11237,7.662126462516942
VHL17240,4.969480898268656
VHL13512,16.76336478985348
VHL10596,25.235010792808865
VHL10073,7.084032332662674
VHL13719,5.000471094219269
VHL10077,2.918631416022854
VHL13151,8.450561456674217
VHL12499,3.9812208224338246
VHL18832,3.785201486914392
VHL16790,7.476688239141886
VHL13880,14.984135842417944
VHL19448,10.060342290913457
VHL15860,15.25771713071613
VHL14538,3.841043404350284
VHL16505,2.8243118659094586
VHL11544,4.660520646701543
VHL19830,12.787307879325983
VHL10194,11.959428968244465
VHL15744,5.743304717365893
VHL10957,5.441016068570855
VHL12568,5.5117642914986895
VHL19448,8.125744861528167
VHL14417,3.477858439817619
VHL10368,6.635485890800365
VHL10806,7.033571696278484
VHL17414,7.3614809067725115
VHL14892,2.7897747262292962
VHL17933,11.378396376205524
VHL15852,13.523732622719812
VHL10505,13.471744826287031
VHL18345,8.591224803311135
VHL13294,5.542219756524804
VHL18253,4.219341867156973
VHL17152,10.653717264965229
VHL12883,26.993374852190964
VHL16101,7.00516999307983
VHL15563,3.9054765196955317
VHL10313,2.5833814548635474
VHL18291,4.673774299424544
VHL13553,6.218810424846948
VHL11440,9.260933315646266
VHL15887,5.437999629781857
VHL17489,12.142216025647913
VHL16271,3.9434974500081643
VHL15007,15.98610956452383
VHL15329,10.680351419845305
VHL13826,7.629975144168601
VHL11568,4.153086666223289
VHL13578,7.008823157944403
VHL16302,5.053492165237073
VHL12677,2.5418976282395374
VHL18866,33.154784821447286
VHL11976,10.435667311413933
VHL17817,5.55608680494443
VHL16893,3.903286845156257
VHL11075,4.540001471321666
VHL14865,1.6963006101236053
VHL13535,4.898394602580468
VHL16299,11.588749819884745
VHL19327,4.207515620255168
VHL10055,7.0995636479948026
VHL14258,3.8676825215433097
VHL11527,6.164145457513851
VHL17682,2.9107087023145066
VHL10073,3.724844073998505
VHL14599,12.08838414154558
VHL15495,4.929543297619595
VHL13387,0.9342660493503024
VHL19505,6.29516837608362
VHL16307,3.73387837749572
VHL11034,43.56537862343888
VHL13625,6.617160476679268
VHL19623,5.3119135000847795
VHL10838,3.1235678765978774
VHL11711,5.618114825739731
VHL14148,1.775934081591488
VHL15745,2.1451352619351023
VHL15705,2.7596131465922746
VHL14767,12.668576030190351
VHL10108,9.817790697294534
VHL17818,3.1236385085952065
VHL18324,4.407126306946047
VHL19741,27.325594128159864
VHL11815,3.457325828439398
VHL18939,3.3612658549173005
VHL18042,1.9734282549692528
VHL13176,6.936129588125077
VHL16859,5.2571711247384245
VHL14405,13.839001450450915
VHL14751,10.899574077311918
VHL18416,5.2782958672416225
VHL13952,3.092910316570347
VHL14726,6.337771556285983
VHL11889,4.120467578029645
VHL12851,6.919725067313237
VHL12862,4.640812362201603
VHL14262,9.071674592618983
VHL13520,6.790872834480829
VHL14967,3.4820621960072744
VHL14728,10.60264529107442
VHL15340,3.947980077226782
VHL14760,3.3544856960073326
VHL18498,10.630823482573419
VHL18440,10.441614934248408
VHL18477,4.470523200908494
VHL16456,10.054721331883174
VHL19596,6.2317926340445915
VHL19616,7.295068213998518
VHL12885,22.37293943824282
VHL13080,5.691962553800871
VHL10988,2.5344206932365836
VHL16251,3.4007055515772824
VHL16941,4.864967582355395
VHL19708,5.884271120350254
VHL13116,9.465789284437214
VHL17823,8.07128992613043
VHL14587,13.789169985327064
VHL16807,5.965312447504013
VHL15706,4.227772624232414
VHL19568,2.4867531146837836
VHL12877,5.32264847825043
VHL16412,4.100940681268761
VHL18036,70.08496563628259
VHL16860,7.6142683192144185
VHL14755,4.826872575237746
VHL19234,6.168621137414915
VHL13272,6.166079132846457
VHL16892,3.0471274905617607
VHL17413,4.127285781428452
VHL18817,4.2163601058448705
VHL11681,5.363573311309958
VHL10192,10.50695511422173
VHL16374,4.153624961355033
VHL17630,2.5042005215011245
VHL15610,6.353703839141451
VHL11364,3.9485591836704894
VHL13136,3.9696114294584475
VHL10038,9.229381192056154
VHL12580,4.6358126988164665
VHL14253,7.297542395693612
VHL17421,10.82224124803674
VHL15458,5.14853285649489
VHL12574,1.4367861443200933
VHL14109,6.31941415069433
VHL15943,10.07614129036383
VHL17404,4.227772624232414
VHL14940,9.035567209711365
VHL16625,7.88304077933589
VHL12066,7.9951730825476295
VHL12899,6.820701833411687
VHL11652,9.510127073670455
VHL17554,20.4093298497133
VHL11567,6.546641219018072
VHL10163,10.975581319133125
VHL10355,5.941824887730764
VHL12041,5.087485235234416
VHL13416,6.050391657887099
VHL15974,2.9462339107172544
VHL12082,11.870641771792291
VHL12319,1.5561148182174644
VHL12556,3.287821007869291
VHL18675,3.677656002700835
VHL13381,6.977722499697211
VHL14325,16.550913524811243
VHL15875,6.468624557455131
VHL10638,5.026577811530362
VHL10544,2.103020757135174
VHL11654,4.399959673844779
VHL14423,0.8035763712804774
VHL14569,3.9642149955324295
VHL15007,3.551161470939314
VHL18221,5.560683012957647
VHL10785,4.081115594014587
VHL16546,2.212056269693197
VHL19173,3.7592544096115508
VHL11731,6.982747598589972
VHL18180,13.500571499862959
VHL19452,3.8708728204331337
VHL16163,3.980138623800353
VHL14877,3.9895513519257078
VHL10102,5.6586136244656355
VHL16046,35.408049736018086
VHL13684,4.365897125893023
VHL18749,21.74713003843462
VHL15304,14.294129171105014
VHL10117,13.21840676942854
VHL19957,11.382648558376589
VHL19132,2.1042115367549807
VHL15383,5.773572842015824
VHL10136,13.984819382127567
VHL17919,4.06794232994536
VHL11444,4.598042447041553
VHL18795,10.85486626473007
VHL12062,10.48065052502908
VHL15890,7.5478809054826455
VHL17372,13.821363317646082
VHL12038,21.607367930838407
VHL19368,2.290608532246094
VHL10476,6.669933405996597
VHL14079,2.3810930912915196
VHL10401,3.260036990803156
VHL12810,19.580580975452115
VHL19466,1.503466929345057
VHL15757,5.118607125324015
VHL15894,3.7790833014762013
VHL18056,14.115073607741119
VHL16634,6.365420158626237
VHL16608,5.233400425258347
VHL19831,7.8946577599355825
VHL13863,5.837759133665705
VHL11159,8.510880493484395
VHL15412,5.283070921366154
VHL10730,25.792678944962425
VHL17248,2.8213826186367656
VHL16421,9.516350959878054
VHL11328,4.2244508280218644
VHL18439,4.190848056964232
VHL12340,8.121498999019387
VHL10461,3.802780163378376
VHL15024,3.1342756788943165
VHL11850,4.094325228425869
VHL16423,5.411506511756489
VHL16427,7.118210613196539
VHL13444,4.747358234926765
VHL16609,2.588868907370751
VHL11522,3.106746970879174
VHL11433,5.554619404393693
VHL15853,2.2948482863628588
VHL14168,1.640005212289416
VHL19004,4.095733001070661
VHL10827,3.2898901555148132
VHL19998,8.068628945274785
VHL14997,6.9875953360776295
VHL15827,19.13891075815324
VHL18844,6.267811914331453
VHL10076,5.222213082537869
VHL16342,4.8077581530718945
VHL19420,4.038025647220417
VHL12762,1.9247280978506003
VHL16916,2.282326208400238
VHL10660,5.804676492917822
VHL18142,7.415675741953345
VHL13721,5.896939545880638
VHL18101,5.354678847984595
VHL11732,11.194650452299909
VHL14351,4.452171645138265
VHL16617,6.949660897316423
VHL13840,2.5918775881147265
VHL10596,4.333766476411113
VHL19148,2.678081211957762
VHL16845,35.88865744864518
VHL17262,11.832625183901476
VHL17801,4.844989986173378
VHL18039,3.408656855676906
VHL15369,8.378902685540858
VHL14483,7.688185984799046
VHL19700,3.8904368913804537
VHL15877,10.842784100874406
VHL15552,6.497959316829763
VHL18756,7.416831628239967
VHL10301,5.580805482601327
VHL17678,6.486023381047845
VHL17604,3.051313837742868
VHL17969,22.33702316052607
VHL17089,5.018572102951288
VHL13239,20.79433724399694
VHL12466,2.599531238813597
VHL16020,11.06209581338714
VHL15014,4.048511922011793
VHL13302,12.606972293047592
VHL17986,9.88430202523216
VHL14724,7.945064088408509
VHL15147,6.103141961715323
VHL15325,4.528319406024263
VHL16131,3.7203535244564305
VHL14868,1.3192607752113799
VHL15382,6.074499044421864
VHL12164,5.203992580286036
VHL11723,5.150535297484637
VHL14888,4.3204854959948
VHL17997,9.705433076174174
VHL11576,11.152354704932327
VHL16048,1.7425657430043118
VHL17795,6.776916960211899
VHL15642,7.060112057558638
VHL13953,6.483863845070105
VHL10189,6.170370464811787
VHL13338,2.9839322539889293
VHL19247,16.06149971560345
VHL16429,7.756957919302931
VHL10272,5.711318247838937
VHL12716,11.635302425199125
VHL12652,2.9785676906932745
VHL13545,3.9826757909076917
VHL11323,2.8442956309707497
VHL15121,13.035135407887333
VHL17568,3.839306152422672
VHL11886,9.735583269585923
VHL17402,8.375106158685028
VHL10243,7.5183561636586935
VHL13407,2.2482381748279336
VHL12149,3.389616408040614
VHL11037,4.87738304920905
VHL17924,0.7969841555481969
VHL12180,13.5325334512477
VHL14683,4.3501221617346095
VHL18920,3.1892459010560805
VHL12024,1.712561335857976
VHL13968,17.3532279253293
VHL11079,8.743522684834291
VHL14355,6.487757924985386
VHL11824,4.774412896299104
VHL19942,4.5926764551256225
VHL12917,8.759151342091888
VHL15326,10.284071320647527
VHL13585,2.0306493261295024
VHL12069,7.877549608289614
VHL17056,6.808737850208038
VHL10515,3.2559348252953333
VHL16435,6.77470654665365
VHL17564,3.07585884028986
VHL18798,11.090880838198064
VHL10222,6.743077083309621
VHL17645,10.808660476114134
VHL10810,3.931326107523653
VHL14216,4.184261125877426
VHL13799,6.962957639565282
VHL19965,6.423041091178365
VHL18568,19.126254331003857
VHL17957,4.022944625783335
VHL11023,17.41820813121392
VHL17797,12.523480321578637
VHL16174,10.502544979819918
VHL15112,3.6391716876376075
VHL10167,5.198196976396969
VHL18749,8.172034358601884
VHL16276,9.624401970220342
VHL15593,4.372002992509698
VHL18474,1.2817581283519557
VHL13000,2.848448930377947
VHL10796,2.7553735091512515
VHL16443,17.687470332906617
VHL13954,9.25394396523619
VHL12761,5.24563410821343
VHL17916,3.4890622497749244
VHL13145,5.593212317377871
VHL19331,12.023578526594294
VHL15623,4.409444861851176
VHL13922,10.054400325725755
VHL11222,2.2080858327443966
VHL15425,5.6612940006551025
VHL19072,5.483969320145351
VHL18649,10.396191236577053
VHL14730,2.546018810740832
VHL12512,3.3146024277261574
VHL18486,4.6794800133721886
VHL13182,6.234616526329443
VHL19735,9.476968486577324
VHL13370,30.410667322242375
VHL15038,5.157454696142692
VHL13034,2.2408267881121087
VHL16581,5.222917247795194
VHL12113,5.233256730275354
VHL16914,6.388122753684782
VHL18231,3.6548443759690934
VHL14192,2.7945842869094726
VHL10404,11.888046540371876
VHL10084,9.599309662364908
VHL13855,7.707979185606621
VHL14027,4.4161609369266195
VHL16209,3.3689863241779783
VHL11144,17.704075631879633
VHL18646,9.07036212962482
VHL16431,2.1050830892268704
VHL16873,8.572105284214487
VHL19594,7.420943705821582
VHL18630,10.01353994455824
VHL17288,6.342919508429709
VHL13113,3.6783439185038485
VHL18865,2.570180953876068
VHL18260,2.9070213995934013
VHL13198,4.0954530411411785
VHL11475,21.44682772467274
VHL18584,7.317137045843726
VHL14768,34.87021127759531
VHL16073,21.11925167544864
VHL15742,6.50298552786007
VHL18879,4.319308394467112
VHL12038,6.143245303759853
VHL19728,3.244626613410993
VHL17986,11.629236727046477
VHL18819,3.757171498762816
VHL12225,1.5481672400564488
VHL19157,8.472786955018435
VHL19615,7.057111170522233
VHL17175,4.847406274873526
VHL13050,4.194630275752664
VHL13123,2.432134145057065
VHL16065,7.513929102198336
VHL12484,1.9297551083485576
VHL11338,6.512913372665388
VHL17289,2.161381086153094
VHL15447,1.5280882973683794
VHL18803,3.407403449503974
VHL18294,4.239118909255371
VHL15133,4.763456081419645
VHL10657,4.649722577458567
VHL10619,7.481977483269427
VHL17912,3.3918461456657036
VHL18164,4.592305162403972
VHL14504,8.206325829244754
VHL18885,2.6471704738863155
VHL10118,3.699249982430232
VHL17852,6.552622224731412
VHL18834,4.38126511867681
VHL11508,3.603166200005706
VHL17633,11.671056949753309
VHL15893,6.887340853412862
VHL14089,3.269648232398502
VHL18800,30.54426249396639
VHL12314,4.126077614081949
VHL18047,9.256340360808483
VHL11118,7.752921263963995
VHL17922,5.046393473055808
VHL17121,2.504764006172701
VHL13960,9.198418954668092
VHL15350,2.2653571358611178
VHL17939,15.94982174017997
VHL11888,14.7670975825601
VHL17044,4.468026281586136
VHL10290,3.6467592450478326
VHL19497,8.76929157545377
VHL17807,2.5306172563374645
VHL11467,14.245275315200598
VHL14703,11.513016898620332
VHL17518,6.363023316719149
VHL19578,3.4125942623803214
VHL10425,12.298996422006125
VHL11304,1.9740330579366547
VHL10086,3.2046659157247914
VHL19512,1.5641444157963826
VHL13350,3.6886868117006544
VHL12694,14.910813290683027
VHL12838,20.737528425589552
VHL16255,5.315336716340516
VHL15196,6.372398848483629
VHL16844,5.597075820116257
VHL10977,6.6823354607066765
VHL18145,4.553449462729855
VHL12297,4.409904163449259
VHL15274,12.538626563086579
VHL15478,4.879010996325098
VHL16940,8.291933202291526
VHL14407,4.7812921394150045
VHL19544,3.22187718284075
VHL10519,5.19289931482646
VHL16928,7.249713140323088
VHL11692,1.906340441746122
VHL15180,2.228268830838131
VHL19040,2.8911294951939586
VHL11628,3.7894256814852953
VHL19845,2.9939907094497493
VHL16574,20.740868264980353
VHL14807,3.0445674265929665
VHL11188,5.50246176971174
VHL18077,13.144127062158521
VHL14836,5.123878907165724
VHL13406,4.118091292197993
VHL18365,3.169126526037604
VHL18328,4.031668089330274
VHL14695,5.3556211972793
VHL12724,18.047704567530722
VHL10202,11.463140851598844
VHL12815,7.637691226750338
VHL12630,6.394888850460557
VHL14283,9.629955077462544
VHL18698,4.548480671245245
VHL10141,9.978020683573597
VHL16204,4.316802211113318
VHL11310,4.8871821980982
VHL18878,3.9105753790331814
VHL19310,5.357342912971568
VHL18219,2.3465934228064906
VHL13108,5.011430447993032
VHL14070,7.295435123748224
VHL16891,5.791273617490179
VHL10398,4.141700217032369
VHL12755,7.972014678626499
VHL12995,5.235941932449781
VHL12158,8.323857182263914
VHL17814,5.483591633717506
VHL15098,4.098904195756293
VHL13066,3.3555591384892822
VHL13362,3.4034401215252488
VHL13443,2.7730727119425533
VHL18173,7.3091599039357495
VHL16277,12.522284272950635
VHL17380,5.950917852509353
VHL18129,6.811112687661928
VHL11891,2.175794824903875
VHL11042,5.05174958533193
VHL16137,7.213285576906531
VHL13400,2.3522266643022602
VHL19399,3.945935863198508
VHL16723,4.278431197291712
VHL12416,13.189391182612367
VHL10350,6.161623805254152
VHL13811,5.856185203957697
VHL13916,13.66908253747421
VHL11857,5.434398795460611
VHL12040,9.627274671366527
VHL10872,6.21215664619006
VHL14351,6.632703827785599
VHL18230,14.918669804781029
VHL14851,2.5828101585543566
VHL19426,5.510668836872577
VHL12795,5.967866655317979
VHL16882,9.192186936894572
VHL15924,3.394909095592535
VHL10807,5.20505162455157
VHL10611,3.1724314588669102
VHL15296,11.14201953586649
VHL11333,3.663347621787839
VHL18616,8.278108737958705
VHL15633,2.790896579461495
VHL15157,1.9389311106822757
VHL16982,5.885086517445734
VHL13879,4.672339477713071
VHL17585,10.150889761703874
VHL13116,14.843195161458407
VHL16982,9.266725869155687
VHL18017,13.3726403650733
VHL19155,3.3506377139723367
VHL19997,1.9718721853734835
VHL19660,3.399826882827582
VHL19990,3.7172243460378502
VHL13582,7.8114747766621075
VHL15998,4.754483879269128
VHL13285,1.0060207928655187
VHL16586,10.032969766560642
VHL15120,2.5885659971909534
VHL14954,13.435244115073283
VHL18066,4.079258997980616
VHL13559,11.659196624016694
VHL14707,4.363022747002277
VHL12562,2.318640610785217
VHL15527,4.950988466457877
VHL12878,13.082158691975202
VHL12507,19.408956770437822
VHL14699,2.704122917307622
VHL14730,7.092910005764099
VHL16614,6.157228784529796
VHL13024,7.292902366783981
VHL19915,5.346117820778668
VHL13101,6.3168833143944765
VHL13052,3.25993105683607
VHL19820,5.642426792185447
VHL11562,13.21023651807447
VHL16424,3.7305253240372793
VHL10876,9.072982642808151
VHL12199,10.529668463349857
VHL17320,3.7972595517700585
VHL13599,3.202407297447835
VHL15761,2.658887223398019
VHL12114,2.235523783580698
VHL14797,3.583447438719055
VHL10360,3.2672735022205175
VHL11344,7.8886938980825665
VHL13709,2.606201884771954
VHL19962,2.899861997643181
VHL11021,4.220135026608322
VHL11988,5.680677731877564
VHL18459,8.851202568292521
VHL12547,7.2620109032084565
VHL17688,3.95002055773774
VHL10267,4.463616148873914
VHL17363,19.42871428928024
VHL19946,13.786289327253634
VHL17698,2.7614473002768256
VHL10234,4.302684688839598
VHL13897,3.159158545505099
VHL13543,6.7030645658746995
VHL11002,5.0305346770528185
VHL19102,2.768643354813372
VHL17633,21.118103658494107
VHL18124,4.937753667838254
VHL16120,5.540615826092876
VHL19186,6.633277500233914
VHL18664,5.328296011101531
VHL17083,10.710854495156013
VHL13077,2.773257341589123
VHL17267,23.637928375687753
VHL18565,8.998965823077006
VHL13814,5.5502633180366665
VHL18967,19.56489077837612
VHL13503,1.9417747389533304
VHL13644,3.2684090811430564
VHL17079,2.6217893786438413
VHL15239,15.92102395541706
VHL17245,6.9035521780580185
VHL10153,19.60830724270444
VHL19693,3.032449465464483
VHL10773,8.596640056360691
VHL11413,4.7507259193290245
VHL10223,3.303989123427006
VHL18530,2.4365107048378696
VHL12551,3.5123548998492753
VHL17602,4.481382862653363
VHL13375,11.929529613171153
VHL13337,8.950993738791606
VHL18551,3.531537409256507
VHL17882,4.821018094159445
VHL17761,4.641668750328911
VHL12646,5.877865453578721
VHL15219,2.5240377821236994
VHL14365,10.790966058747035
VHL16915,1.1134672530698595
VHL10906,7.0895748685569515
VHL13513,2.7045162773431546
VHL14542,6.4100177414814015
VHL14200,9.791152299364155
VHL18013,4.663670774799072
VHL14772,6.4602021869884565
VHL13641,32.060541878584274
VHL15001,2.134352683923201
VHL10409,7.343397556031375
VHL12698,8.433859724222447
VHL14128,7.475516021187445
VHL10621,2.3792708193419845
VHL13729,5.479713630479292
VHL16191,11.458826531290164
VHL11188,7.809510130148193
VHL14810,6.0342054982128435
VHL16357,4.623974263125213
VHL18353,12.09966364185065
VHL15843,2.9092255045931847
VHL10210,3.5788289682938044
VHL17457,3.8474948965331044
VHL11022,5.22617673611631
VHL16541,8.65010127703094
VHL17647,4.63081383795669
VHL11229,9.818465540220908
VHL17996,3.304843084829108
VHL17089,3.214512355166495
VHL19543,2.7999767898413133
VHL19715,13.7618995050274
VHL17944,7.804105544364048
VHL16820,7.651510758018419
VHL14857,3.798314322942377
VHL17512,6.038647836067031
VHL16649,19.368887471193638
VHL14838,5.028381055944276
VHL14568,2.98846328700585
VHL17525,11.125152340394642
VHL16117,8.525460546973658
VHL13135,14.619319556807039
VHL19812,9.176159964111587
VHL17027,6.19669466942167
VHL14654,7.9125083241686465
VHL12420,3.5460165395763745
VHL10360,5.510694552849226
VHL13629,6.420019983953001
VHL16737,2.5571912158173267
VHL15446,7.465896844771928
VHL10946,1.881608772063004
VHL13953,3.0978760912559142
VHL17303,13.263602303062322
VHL15447,6.655071395153825
VHL12854,5.127871506221178
VHL12567,15.500377864564259
VHL19137,4.120467578029645
VHL19411,34.77811025983606
VHL10923,6.491347735749886
VHL17236,4.724312324300234
VHL19462,7.738268918199292
VHL13097,4.137352152078005
VHL19969,14.33212918947313
VHL11860,8.189973079789576
VHL18943,2.0902037562735636
VHL11672,7.779706076824311
VHL10815,6.056101857640508
VHL16245,2.6733209413587917
VHL14969,30.65062910078339
VHL19652,4.656339845522258
VHL11330,3.271635983291326
VHL19827,5.040394255404253
VHL10484,10.045719788299252
VHL11394,2.0455727282854728
VHL18787,36.26172797783566
VHL11803,4.376115113586997
VHL12784,18.971168191104447
VHL17216,7.859250931066202
VHL10033,10.911732515416965
VHL11776,9.307863320343674
VHL14947,10.369304251491451
VHL17522,2.3078388698234376
VHL14197,1.9205328082495845
VHL13071,2.637475912767849
VHL17406,4.18889538701663
VHL12174,4.010426236830439
VHL12440,3.0940733766964956
VHL12462,3.5798862915194642
VHL12158,4.365868927370723
VHL14899,3.7855830258695597
VHL11281,7.6989511530218895
VHL10913,6.896936884918398
VHL19630,3.3906712498294187
VHL19709,5.645147008565749
VHL14819,5.144786061974221
VHL15381,3.5365105888177317
VHL14781,5.159579095408187
VHL18728,7.0692145285675405
VHL16520,3.23219508484333
VHL10643,79.69183648566218
VHL19438,10.498496407886627
VHL14103,2.626718344997326
VHL19088,1.6515617626364376
VHL15456,4.519497689706251
VHL16411,30.188252400737518
VHL19044,4.175391060350555
VHL15194,4.412203948843871
VHL11490,6.240907704389733
VHL13904,4.735652494819026
VHL15148,10.69050247754431
VHL10918,5.821949657120515
VHL19119,7.448307852127616
VHL10313,8.622752341000547
VHL17176,6.3472142534235045
VHL17166,2.969477534881094
VHL11166,3.0367822779704685
VHL19144,17.73849757030501
VHL17259,16.051384522755942
VHL11965,18.176047248797833
VHL13791,3.3527141664300473
VHL12309,6.975885621243428
VHL18687,2.633989210817812
VHL10199,8.832713788811782
VHL18562,7.983292675137664
VHL14042,5.479713630479292
VHL19017,11.159835723289259
VHL18805,10.898675421205816
VHL18622,4.983858702330112
VHL14045,9.011669011205294
VHL17010,3.3943110765587075
VHL16993,3.03089805073286
VHL16050,7.519822085470134
VHL16363,3.983791927292834
VHL10287,4.584838732842457
VHL19873,4.6386744144852265
VHL15450,10.072458892337504
VHL14789,3.48583522502979
VHL14379,1.5885107137906775
VHL10911,7.33591217012919
VHL10449,7.149365804876875
VHL19705,3.2410845236018115
VHL14766,15.692394506641598
VHL16203,33.90509277913854
VHL14855,13.522958311943269
VHL14661,97.92038706499876
VHL19859,2.52843486708054
VHL14028,3.8154042947905764
VHL14991,3.2458480712537328
VHL15291,3.7051461685951868
VHL16047,4.199076683968981
VHL12253,3.5136539931900486
VHL10428,12.955728714536328
VHL15237,48.13504720153074
VHL16101,5.5170492482287905
VHL16143,10.612327808286954
VHL10257,10.415092917475324
VHL16662,12.35087280986621
VHL19799,5.073775739875156
VHL14241,6.916908772208971
VHL17705,21.99823273318904
VHL17529,3.178570170198642
VHL15191,20.491700634685895
VHL17451,11.947719134488384
VHL17879,3.09869131634278
VHL19264,3.2788086363436633
VHL19009,6.036838095542238
VHL10568,6.366870301951105
VHL19545,6.424822544376804
VHL16822,9.561891064177068
VHL10957,6.269997965971266
VHL15607,11.079832777863412
VHL12093,21.40112257939143
VHL19096,6.061674709640795
VHL18288,2.504552934595278
VHL11310,8.047266199827257
VHL19333,4.421989951875841
VHL13823,4.699870823338621
VHL19965,4.63364906583912
VHL16917,3.2235171789995087
VHL11177,3.430797955693692
VHL16853,6.053330815931136
VHL18554,13.26685538453578
VHL18562,9.956365505332961
VHL10753,5.486118593128214
VHL16804,14.94247052046298
VHL18774,16.937050744237403
VHL15561,4.310978419358121
VHL12265,8.58143650037315
VHL10021,3.855397296639922
VHL18216,4.174324987477386
VHL18297,10.710854495156013
VHL15781,1.7519283028046453
VHL12134,7.107894060689951
VHL12909,4.379416827823669
VHL19963,16.132076378495707
VHL16014,5.180662563171671
VHL14675,4.9851059090592615
VHL19999,4.446062645703834
VHL15433,12.106319771824367
VHL12937,4.521163744926116
VHL11373,12.533525102513533
VHL17859,2.6434319122198287
VHL10314,6.4347542747568545
VHL18773,4.1586361222627986
VHL16942,7.0005660403038625
VHL18334,5.022837884433497
VHL17910,3.0544679259534986
VHL18494,18.383150114094725
VHL12860,16.514437513439113
VHL10204,15.41267506304198
VHL19924,6.206336575368678
VHL13255,7.3888773865311315
VHL12057,17.61131868851617
VHL19296,3.8299967341814773
VHL10104,3.5150885696364162
VHL14185,3.478307971606835
VHL15914,3.9850907081455693
VHL11633,9.915998374357335
VHL10331,1.339692201947035
VHL15981,3.6608642115390175
VHL18376,8.814127858278209
VHL14890,8.926420639876326
VHL14283,9.412393182044724
VHL15877,11.166149293686074
VHL10019,10.078099576873479
VHL10439,14.482430877159254
VHL18436,7.965901868583388
VHL11989,8.1581997189553
VHL19813,6.327268526884245
VHL15869,3.423159985781192
VHL13464,5.171374250352883
VHL14974,5.228465423350815
VHL13446,3.8740971984817487
VHL11326,5.097911363837279
VHL12561,8.721713118486171
VHL12421,4.07510723302865
VHL15061,18.39017105527128
VHL16174,11.21572620132295
VHL14500,3.4584526435379734
VHL16937,9.807836484872773
VHL13576,27.66100277687173
VHL12458,2.846633377123988
VHL11965,10.788400896444752
VHL11890,7.007736822856511
VHL14930,4.333284750168473
VHL16445,4.660520646701543
VHL11308,3.7206929409890517
VHL17652,8.47627151508615
VHL13004,5.018731034650349
VHL10262,4.119856158112982
VHL13111,2.1774316629155614
VHL13568,3.5187377039455208
VHL12606,7.37157832063225
VHL15786,13.668327251014235
VHL11054,5.450111492634195
VHL15167,9.757020628367503
VHL14716,7.466030252468206
VHL11763,5.681798705229027
VHL17885,3.344253119634354
VHL16048,8.36206124680981
VHL17032,8.617020710025596
VHL10344,3.6467592450478326
VHL13463,11.99321398835227
VHL12903,5.535497282576753
VHL14551,5.449008857849169
VHL14763,5.4787664719617535
VHL19270,5.599945529908159
VHL12817,11.770874918519693
VHL18354,2.4168301164578856
VHL12185,7.728865021908588
VHL14983,11.95322939074691
VHL15530,4.123250401468635
VHL15827,6.044920681988608
VHL14886,9.819735961360577
VHL17643,3.727038690674909
VHL16987,10.988700632180835
VHL14294,5.147511096680884
VHL16175,15.194644335970136
VHL18639,5.027429920627448
VHL13640,3.746187861262492
VHL17895,4.461606056684326
VHL19307,5.162523982682573
VHL19436,7.413642104983821
VHL19809,4.206871635424578
VHL10638,4.916225726683552
VHL13859,1.6357026989347232
VHL11640,3.3600950189486753
VHL13661,10.899960361716412
VHL15523,3.8263107396638194
VHL12838,5.635915276868087
VHL11312,8.128159745869484
VHL12699,5.165294858555184
VHL14640,4.387727767420016
VHL17666,29.746967639978546
VHL14903,3.7481255648880385
VHL13835,2.876370155163833
VHL15635,7.192856602684808
VHL19827,6.896147898834983
VHL14808,14.166037786821365
VHL16208,11.259556272232867
VHL18605,3.559286860998045
VHL19751,4.652596927908741
VHL17664,12.57837039107121
VHL12588,3.8477254369228184
VHL17702,6.299758699883933
VHL10842,6.81586492643856
VHL19609,40.66909871020262
VHL12767,3.1917560480502636
VHL13680,10.796261565757742
VHL13507,4.117025465635356
VHL16160,1.8781221540513542
VHL13555,2.2982541161912673
VHL18088,3.194171379348594
VHL16428,5.118835504473222
VHL11278,1.5305900637643566
VHL17567,13.174566974969299
VHL16715,3.2393647009271365
VHL15486,6.206918712025986
VHL10286,2.4448095947963426
VHL13344,5.036852334004701
VHL17544,5.353910383912793
VHL12579,10.820076754182429
VHL19966,10.056291035405156
VHL12989,6.28046128675243
VHL18968,5.212042667128315
VHL16423,6.161950460273914
VHL15852,8.698445809121226
VHL16298,29.147560883959468
VHL13399,2.520425812671843
VHL11381,13.236342854659513
VHL18329,12.348645793846044
VHL13335,2.9616973266571147
VHL11885,8.878661561690079
VHL19284,4.373538791244117
VHL12612,6.230210508626917
VHL15522,3.465125977113176
VHL16059,10.913492609305145
VHL10388,7.590049602957987
VHL10025,5.800658195605331
VHL14629,5.248357324170057
VHL10790,3.0789504128761416
VHL17966,1.4898750335035962
VHL12843,2.6082711803976997
VHL11996,3.0468434497740144
VHL15688,5.5962023605465365
VHL13110,5.260306647607048
VHL19865,3.717460267926199
VHL13379,8.07149331903395
VHL18639,5.515819812478163
VHL16928,5.420070816018358
VHL11725,12.553214892766416
VHL11355,1.6378876976011423
VHL17560,10.917605294492722
VHL11885,3.5416790157697178
VHL12995,4.870536635279183
VHL11751,4.6755903530727805
VHL14633,6.678903771197411
VHL16853,5.584350811773814
VHL14501,4.122748952542525
VHL13938,8.152562071689198
VHL12329,8.269886637220617
VHL10067,38.11115325752999
VHL19818,4.225789307880119
VHL12785,10.885552655579774
VHL13874,3.4934845446117544
VHL18142,9.832014259800946
VHL14855,17.23237810089295
VHL12147,3.1948959787315845
VHL15256,10.67166518616539
VHL13751,8.981613665669473
VHL17863,6.29516837608362
VHL13981,10.006470182025982
VHL18916,5.197675904056464
VHL19492,2.9620608802772432
VHL16004,11.860557108872975
VHL15913,6.628565810249938
VHL16871,13.164800338853965
VHL11388,6.0662041327275915
VHL15019,6.118367485030735
VHL11934,5.107595649582438
VHL19784,3.729983041441794
VHL12593,9.576773309860373
VHL15836,30.372352125297684
VHL17034,4.347169658633781
VHL14607,35.95003129295809
VHL17105,6.123797407259988
VHL18773,3.0928535490073257
VHL12684,8.034148702826094
VHL17154,4.060181309152893
VHL10849,4.22633553291444
VHL12067,4.420132384002999
VHL14247,8.29243439783554
VHL18581,7.393431838616031
VHL18516,6.973258648081283
VHL17684,2.7834784746460315
VHL17215,1.3288985728062843
VHL15232,9.366077515155414
VHL19310,16.237001377167374
VHL12120,6.238646945224186
VHL15455,4.271244393951354
VHL10132,7.389292578306969
VHL12356,8.05113391176407
VHL16995,6.669145697428296
VHL15752,10.874573245805808
VHL12151,6.313203939443975
VHL11902,21.14957321961471
VHL17808,2.220228303851311
VHL17592,1.7272778185199826
VHL16636,4.0647551708394545
VHL11497,4.238383005901086
VHL17774,9.326993580474381
VHL15919,6.289063565450806
VHL15172,2.3768307128326622
VHL11820,1.5410669820948155
VHL13093,13.724289627763604
VHL17445,6.834202588607406
VHL18989,5.393132749220805
VHL10713,3.8607437038931054
VHL14240,3.2881020904461375
VHL13501,6.195473702431298
VHL18215,2.7468194481661485
VHL14878,7.559795394825398
VHL19143,6.219555164576725
VHL10173,4.235081245915054
VHL16962,2.907675006842977
VHL15384,2.347450643715798
VHL13844,5.862274194603653
VHL11998,2.2096559487034044
VHL10444,4.087149878684659
VHL19655,4.016575975381454
VHL18921,6.323334747938519
VHL11774,7.411020196525055
VHL15490,4.7304449440555825
VHL18694,4.0153816022349025
VHL10360,3.44513602061113
VHL18707,5.053264335287606
VHL15801,4.491161457214745
VHL17931,4.914878771400303
VHL16716,11.371494773884285
VHL11290,5.3321796201563485
VHL18180,18.857992442476338
VHL19935,6.003628245745985
VHL16593,4.178269552789738
VHL17349,2.5619180677203075
VHL18705,4.067035676158367
VHL18527,5.256085738721902
VHL18577,3.8640097852601367
VHL15369,14.717460792782234
VHL16140,3.416076830711995
VHL11458,3.209678727742789
VHL13652,2.5127148890764146
VHL13470,5.27935825061596
VHL17609,2.20311032269737
VHL16953,2.549537041117178
VHL19670,2.916029705285536
VHL16517,3.0329791882275474
VHL12631,6.77151333201183
VHL14338,5.821363717728693
VHL13224,12.897270715490848
VHL19157,22.855939020049142
VHL10266,4.260720806471918
VHL11597,4.574436260070836
VHL16219,2.4947756875092946
VHL12828,3.9074120853338026
VHL10364,5.2030698753068965
VHL11875,10.91215840039526
VHL10185,5.503627761597972
VHL12097,7.131644657352599
VHL17691,2.703128292228968
VHL15092,2.370009311904999
VHL11628,12.277170246301473
VHL13662,31.633906058658976
VHL11486,14.9286212840444
VHL18373,7.418894037148987
VHL16605,23.69652777002998
VHL14670,16.89696434577822
VHL19579,1.2344510448600556
VHL15504,5.1847070440212715
VHL18831,5.161152827879615
VHL19404,13.245628578194516
VHL11218,12.729353763813178
VHL13869,12.087184182903083
VHL19846,8.871593499793997
VHL11677,5.119043257482343
VHL17416,9.281618229294851
VHL13175,4.256689402470521
VHL17965,17.892458839138055
VHL19048,6.569265987351125
VHL18117,2.9888444383525217
VHL16742,7.99596326935685
VHL10339,3.3293350275248996
VHL14079,2.6275974387317644
VHL17034,7.737422214539144
VHL15903,7.8879682133863795
VHL14643,4.9215998373017475
VHL19176,13.747834430981946
VHL16293,4.925453127193383
VHL16573,17.194054208071613
VHL10615,6.567533025935799
VHL10834,5.050672851758942
VHL13200,2.8594879554221064
VHL18949,13.947054577677896
VHL14402,5.139017105863812
VHL16439,5.419664278172913
VHL14135,4.399549104202264
VHL10015,5.210419812811988
VHL10388,4.631527868016518
VHL17226,2.7084028567726466
VHL16884,20.120910116911013
VHL18216,11.899249722788438
VHL19751,7.321986693227737
VHL11071,12.642632167332248
VHL16489,7.303473588932664
VHL12578,2.319948982204908
VHL10582,16.284195951833937
VHL19617,25.7513103896314
VHL14437,9.748506191248605
VHL11749,6.226613571048509
VHL18131,7.669092369246345
VHL16700,4.158230186320171
VHL14166,4.1586361222627986
VHL19100,5.662068710325783
VHL11100,4.339344879768816
VHL17954,16.589804032391495
VHL15065,12.069062856808369
VHL14908,14.837248677484816
VHL11925,8.150769250359195
VHL12725,46.11251941637849
VHL17558,3.9767062313549637
VHL12989,27.14171399324475
VHL11734,7.890149391410352
VHL15324,8.73190025992664
VHL19720,7.744689159282371
VHL17274,2.0823797891202367
VHL10206,19.66076393654846
VHL18355,2.0403328849906326
VHL16634,9.0327088195975
VHL15037,3.237365189052274
VHL19446,8.939220787398757
VHL11255,4.96629422158564
VHL18968,3.6161285686534064
VHL17262,5.678470621343709
VHL19635,6.807721116519298
VHL13636,4.639556132333251
VHL14827,5.955779573832626
VHL13630,3.3756057870845995
VHL18929,4.251169355058044
VHL18493,13.877932792479106
VHL11970,5.922893438414405
VHL18557,8.105085402512447
VHL16603,2.481271867367228
VHL10144,4.12755944434025
VHL19283,2.936405105923185
VHL14957,3.2299749989875717
VHL14521,10.091491319869995
VHL14631,12.177163814144148
VHL10741,6.183760983769904
VHL18773,4.223615506872042
VHL15546,3.465285187571144
VHL18796,5.426264944758856
VHL16777,2.3311418085058393
VHL12667,1.6554677131013984
VHL11806,5.776119694390684
VHL16241,5.657091049728462
VHL11602,10.595911328684213
VHL10361,12.07034973257939
VHL11563,7.331355554070483
VHL18781,5.123480004022561
VHL11605,3.224382823645684
VHL17566,5.699146004234068
VHL14925,8.642740779220027
VHL17378,10.856686383471997
VHL13933,7.747163225680447
VHL15621,5.238269479893728
VHL11212,9.596731104544851
VHL17047,4.411746262175036
VHL18495,3.5727457239651916
VHL11789,50.87197898351947
VHL18812,1.3686464789230317
VHL12003,1.382904040383981
VHL17763,2.6393740751210504
VHL10234,8.834839240011423
VHL11820,9.029206552997373
VHL15612,10.389737808605606
VHL16969,6.589042520983631
VHL15883,8.09528497889566
VHL16910,32.587336149684326
VHL15537,26.45910963404794
VHL19483,3.0191728412376984
VHL19061,6.349926598733661
VHL10122,11.997692490989564
VHL18413,6.572490960085386
VHL19153,3.393600272379231
VHL16118,3.1122444050817473
VHL11390,3.3170979701229295
VHL15701,3.015821355506776
VHL12322,4.958526917391677
VHL18493,11.154589158191543
VHL18230,10.22390132514288
VHL10567,4.747535468143144
VHL16862,7.089274806446549
VHL12040,9.300844643482577
VHL13506,9.010330447960525
VHL13379,10.211598948716388
VHL16540,6.368826704746076
VHL14882,3.5558303906029223
VHL16979,2.492813753448694
VHL17108,8.732277094970954
VHL19862,3.738596574842484
VHL19541,5.054088691723618
VHL16650,6.39303591733691
VHL18976,5.701249484305399
VHL15984,12.28871255589193
VHL13017,5.58538673080628
VHL12807,5.95004979340009
VHL16571,4.26024049197539
VHL18496,9.263547388115883
VHL19085,14.168151425469548
VHL15655,8.1405304026681
VHL10274,8.966156680476347
VHL17927,11.0066110910923
VHL14169,2.3400968124485537
VHL10088,3.507043471109642
VHL19133,1.3911768675947416
VHL10124,2.6960137421147015
VHL17800,94.4684280107199
VHL12549,8.513386650748064
VHL10900,3.4131284683124465
VHL16654,1.1178658209377195
VHL15178,10.085594361260222
VHL10370,5.785621840520285
VHL19083,6.4187770678174365
VHL10667,19.34959075200738
VHL11177,2.629429208582438
VHL19621,5.3119135000847795
VHL19834,1.553698722219035
VHL18831,2.2452253947615075
VHL16058,4.2423608545868055
VHL15327,3.0091336613181277
VHL10566,7.5175412030655435
VHL15911,13.2835059832066
VHL18703,13.961338339474219
VHL19494,5.583679668128971
VHL16292,3.3382597037075254
VHL12417,9.683064364899844
VHL16694,21.061128436254293
VHL16876,2.8398211109894937
VHL10394,5.174845955291374
VHL18192,5.875541145731811
VHL18989,0.8635231506985813
VHL15531,2.6152330721239037
VHL19945,13.164471178712422
VHL15352,10.429313591538527
VHL10470,3.962120669626636
VHL12910,14.785408799827104
VHL19260,19.881219388245146
VHL18747,11.770874918519693
VHL10865,4.410508377207681
VHL10512,14.946953617931337
VHL19176,11.580260939359814
VHL18494,2.957556350119108
VHL14953,2.977901834953367
VHL18146,6.164133129686258
VHL10753,8.872261570539528
VHL13266,10.522363855977282
VHL18142,10.155194799589205
VHL12499,4.1892941759892635
VHL11132,2.3766318289000155
VHL16161,3.2649678124669905
VHL16332,3.20361301512877
VHL11947,14.346303914965446
VHL15516,1.9584810974079572
VHL15620,16.972778358106112
VHL11334,3.2191039902946583
VHL14676,3.4339645082388945
VHL18063,16.768562673648656
VHL11305,2.8450334644967494
VHL17190,8.433859724222447
VHL19509,2.3449405229076437
VHL13065,3.7501969179704724
VHL16948,3.0070954682740636
VHL18753,3.79556592376738
VHL13306,3.49616874473503
VHL11296,4.7511800045398225
VHL14799,12.90595582988102
VHL16629,48.95069925877795
VHL12469,6.2042230962363565
VHL14725,8.476251517586075
VHL15360,4.933441043555052
VHL12472,2.717623249247042
VHL17694,5.459170884724349
VHL19367,6.8744003116120345
VHL13921,10.573525877128507
VHL18424,3.4864283166593855
VHL13215,23.29009600550407
VHL19720,13.664661192261903
VHL19474,7.232522936234615
VHL14718,12.399340816804356
VHL13614,8.48954952232928
VHL15761,2.4011283409425714
VHL15481,6.009501957380666
VHL10583,4.160915420384487
VHL10999,6.461594630661727
VHL11387,2.7045940410296243
VHL17201,5.732454141216518
VHL11541,8.474314522585926
VHL11491,7.799267776471472
VHL13571,2.5816049795571274
VHL17798,4.893480613350556
VHL11615,5.1548257746655475
VHL17412,4.923840199238429
VHL17680,31.575316010598684
VHL13091,8.878661561690079
VHL13434,2.8140520172023376
VHL15052,6.414326751078063
VHL11742,4.016575975381454
VHL11925,4.416777579122961
VHL12016,3.2270638191618604
VHL17513,4.951034676907657
VHL10564,1.8537470767135773
VHL14087,6.404671388861005
VHL18246,10.105893065284395
VHL10468,8.265214592761033
VHL18823,3.161114818058863
VHL10264,1.6250842109745423
VHL15285,6.618996133978
VHL16403,20.32254163546734
VHL14260,6.143105237886627
VHL16390,12.148132923557883
VHL14383,4.836891720018531
VHL12924,5.195627471300217
VHL16793,1.8317147282517
VHL19286,7.534401643404754
VHL11692,9.415881327879303
VHL19565,7.427590649443552
VHL12271,15.68859453627344
VHL16387,2.1984760889252852
VHL10067,4.039532659196718
VHL11055,8.196317606197033
VHL16282,10.277123230312306
VHL10373,1.3062779482963538
VHL13130,5.424980685646244
VHL14791,8.228763258985465
VHL17669,21.85030579918156
VHL10245,4.261509157824424
VHL13394,7.3187481129058725
VHL13369,3.13054925819408
VHL12230,17.333276324966302
VHL15024,6.944652491965887
VHL15401,1.9683453936012638
VHL17830,5.892584074860619
VHL16594,8.698447705499978
VHL13400,4.845890511830498
VHL13413,13.457530090918695
VHL11338,5.365064122260792
VHL12928,9.92761464199719
VHL14141,10.016176863888061
VHL13196,39.76701726693179
VHL17193,10.462462379940698
VHL13848,3.3271454116414088
VHL15690,9.891345036674997
VHL14292,7.168001249417674
VHL10249,8.575911738288497
VHL16684,22.163817274890967
VHL13663,3.440626009468994
VHL16780,9.671541928335152
VHL15195,5.317417807486793
VHL19709,4.551828232064824
VHL16300,4.469228949703611
VHL18402,5.736450802142933
VHL10408,13.284100083303956
VHL17856,2.0993608908948183
VHL12909,7.641605469868839
VHL17579,7.492557384801642
VHL14360,6.9542436820987525
VHL16170,4.179081425379352
VHL11625,7.084179966229155
VHL10141,7.881092072515888
VHL13372,6.068614642944218
VHL10702,12.150609111061888
VHL10168,2.70157998498687
VHL17506,3.2279799162803595
VHL19811,6.363945038356859
VHL18898,1.9826136818166853
VHL14976,13.453651209203178
VHL19528,5.564363314168022
VHL14747,1.9968620521871656
VHL12298,11.494426524837122
VHL12897,19.383700236975102
VHL14501,34.14866337346062
VHL19230,5.169620795172226
VHL17122,1.3303216373786244
VHL13093,5.318694860764918
VHL13713,3.11719311673824
VHL10827,2.7297727664404916
VHL14671,6.584218855397262
VHL19953,9.28162060549763
VHL14674,7.048146299972416
VHL19651,2.7154320372909786
VHL14860,18.261413728686406
VHL15452,7.6447685428267595
VHL11031,3.5238689920404456
VHL16763,4.074072582108979
VHL13764,22.662556739115427
VHL12562,5.821766348602161
VHL11827,4.959435332660401
VHL13929,3.018058998255345
VHL10039,5.591549012997754
VHL15009,7.020621219775101
VHL13821,12.822997818301753
VHL14348,4.811231501785265
VHL16840,6.486023381047845
VHL12002,13.3324510628862
VHL10237,7.966624894557771
VHL18738,4.519666703214748
VHL10568,2.0947199056495047
VHL19355,10.682117369282611
VHL16226,9.079752821869748
VHL16719,16.441052202684112
VHL14548,7.383608769543344
VHL16912,3.3389721078542
VHL19505,10.021648230709282
VHL16442,4.578994294978825
VHL16825,4.826704506968161
VHL12658,10.127283820768653
VHL12481,7.727939718984478
VHL18658,11.494293979776856
VHL15493,9.05255840426237
VHL12577,35.607407146079225
VHL13844,8.714935880466273
VHL12544,3.047961180201834
VHL14450,13.745922136449462
VHL16818,6.939666928023469
VHL18694,6.523158915974824
VHL13597,20.84849062602016
VHL15898,10.445550284880708
VHL18680,3.1013219791546875
VHL12465,24.505925276672315
VHL12148,6.333819603895696
VHL19876,6.953934493740622
VHL19612,10.876651417613143
VHL18169,10.563789858008347
VHL13267,2.4529723593735513
VHL14640,4.683979607040886
VHL15593,4.0235246251023105
VHL16387,7.374882782575437
VHL13148,4.100701741021095
VHL11142,2.2497409559305823
VHL18659,3.628580467269911
VHL13899,5.518725310909746
VHL18985,9.011965896198188
VHL17250,2.8456624157356525
VHL17539,4.44883942474387
VHL18609,2.2338926731464723
VHL11948,2.874495922306312
VHL11525,4.593196899746599
VHL12806,7.8167228274376646
VHL19564,5.08960442009052
VHL19054,4.830138158451498
VHL18679,3.268146111649739
VHL19665,9.61034446206548
VHL12463,0.7924165663505129
VHL10753,1.873187819379466
VHL11312,9.608525398011839
VHL12620,1.4901149927365975
VHL17592,4.204138677910871
VHL11746,11.046782877423263
VHL14332,4.241874926003426
VHL19959,5.52862517503765
VHL16741,4.480615560621632
VHL10763,4.884837131163762
VHL17541,2.3336573002477037
VHL11701,3.473268419604108
VHL10194,11.947719134488384
VHL13479,14.28984624050099
VHL15975,3.7807296171307394
VHL10231,4.198787094153476
VHL18446,3.814001298028606
VHL19365,10.629769717680174
VHL12815,6.694232120212138
VHL17210,5.801251035740734
VHL14273,10.157933302051008
VHL16001,2.7637028905415377
VHL17232,10.634007920268832
VHL17877,6.2414604376068485
VHL13772,5.1461522250846645
VHL14502,5.298420880601457
VHL12140,3.218018613214821
VHL12267,44.45820484717931
VHL18736,7.724689033474526
VHL17988,17.112352717322945
VHL11233,8.764865117515187
VHL18205,7.33420801330853
VHL17229,2.6011769254784554
VHL12503,1.6764439354611458
VHL16555,2.7594561325179807
VHL11608,3.5541398530091626
VHL13099,7.625044185942186
VHL10464,4.0456353898140085
VHL13660,2.6126467814724155
VHL15246,6.961629092894273
VHL18351,13.612041417148944
VHL14567,5.252433878840578
VHL18076,3.6716939808766624
VHL15135,7.195256256865678
VHL14661,19.987056505890095
VHL13468,0.9809168340202491
VHL18899,8.410861828431205
VHL10051,8.724557028934171
VHL12127,2.3414573925448035
VHL12196,8.757015611520277
VHL17014,12.124047920362143
VHL11559,4.677802082124938
VHL10059,6.123852511933656
VHL15739,22.613479692716165
VHL14808,11.90004281529805
VHL15611,4.301616257867381
VHL14636,101.20233804971247
VHL11570,2.80713772449669
VHL16463,3.167783963499461
VHL16394,3.6272852847697354
VHL13693,1.1987789187369815
VHL12291,6.683698200324637
VHL15561,8.468488027032043
VHL19493,9.483855441629217
VHL12756,10.421336128428534
VHL10950,2.023592971968234
VHL16866,2.1569750575111213
VHL12609,16.275227675296275
VHL12574,15.93773980316197
VHL17135,4.860778576857516
VHL13752,19.583056893894817
VHL13546,6.181867019344525
VHL11097,11.669276695042608
VHL18181,5.246588540316411
VHL10940,2.6843702919875305
VHL16905,5.241636029268251
VHL19185,26.048512230938112
VHL10923,14.032259327089955
VHL18309,4.257115485443388
VHL19349,8.046854751882842
VHL13590,4.14321526841917
VHL20000,2.1591045932573447
VHL12384,13.593948442134968
VHL13167,3.075758095073967
VHL18928,2.579587287759482
VHL11333,1.4835063703616753
VHL18531,3.033921035086846
VHL19725,5.193374163176762
VHL13535,3.574878599493327
VHL15299,10.490075597932819
VHL19132,12.203129000590387
VHL19736,12.122966028293826
VHL11914,8.542187577597106
VHL14981,5.712279528576487
VHL11507,6.363406583805068
VHL18768,6.315274255421752
VHL13208,5.55608680494443
VHL17200,3.7134897732606897
VHL19398,24.021016566715826
VHL10666,9.39400065868416
VHL12919,9.811011077854928
VHL17972,1.663783692130769
VHL10315,17.855894193125017
VHL13868,3.5756356948849453
VHL16268,7.515355586861583
VHL15979,1.9368119603059355
VHL14334,11.421943183176497
VHL19984,3.6433074929398503
VHL15905,26.413444357167545
VHL14849,19.597418820398637
VHL10077,2.156679834451205
VHL12763,4.912883834642917
VHL13814,2.801751404288455
VHL18236,4.427763052273317
VHL18380,15.488594565774283
VHL11075,2.366607249183181
VHL10482,9.888041238870283
VHL10117,5.776337847460988
VHL13673,8.068628945274785
VHL17221,17.24484783183954
VHL11240,10.309033082096105
VHL12562,3.256243336822878
VHL13799,6.902342429170512
VHL13466,5.495599114434391
VHL14698,4.573940233896623
VHL15372,2.705298829369902
VHL13032,5.69573418242268
VHL13600,3.9936942099691466
VHL17335,10.570193468787766
VHL15519,9.850797518948507
VHL19609,9.376419524131371
VHL12581,4.523046085152817
VHL18738,4.277479952500727
VHL15107,1.331216066995319
VHL16177,5.604013685156838
VHL11709,8.356543856306606
VHL14469,30.218724410360522
VHL13687,6.484966460674352
VHL16412,7.168333675408685
VHL14864,10.32684246629903
VHL15725,3.473892340826731
VHL17141,8.421454458897525
VHL10991,2.8041006511082593
VHL10678,9.781347134037645
VHL13889,6.776916960211899
VHL17084,4.2926544260985935
VHL15443,3.815568247132759
VHL10783,4.108578484863332
VHL19744,8.395795810655711
VHL18331,11.947719134488384
VHL16307,8.373221721858243
VHL18003,10.133357931183054
VHL10838,8.705272850490688
VHL13320,22.16689331198347
VHL19953,1.9722412683615247
VHL19152,12.61857997272764
VHL15913,20.566823217509018
VHL15341,7.4489777375939665
VHL14269,5.003525407257747
VHL10263,4.002688213567758
VHL10559,9.031606068069324
VHL17221,5.309192027129481
VHL12379,4.668309638128553
VHL18253,7.5721043458185
VHL11172,4.012919723121987
VHL17213,11.6582315661029
VHL18445,2.3186192794554117
VHL10808,8.593683151587843
VHL13851,5.430415523600306
VHL18936,1.9399192487263404
VHL17750,5.0719004829815155
VHL14279,8.029823286691979
VHL17407,5.8312187307441965
VHL17737,4.094689648742073
VHL11196,3.383117190943267
VHL10773,12.632574407797247
VHL12028,9.724137636578144
VHL19833,5.665646812231214
VHL13566,2.915641847688185
VHL18282,6.623573812639054
VHL11015,2.525657670712981
VHL16696,3.3139074872059546
VHL13980,4.626592917731158
VHL18337,10.410717922996259
VHL11330,9.693468463728614
VHL14873,10.000195208079242
VHL15435,2.99058346237963
VHL13861,5.825680724702802
VHL12073,4.224276812603538
VHL15320,5.005159645331772
VHL17850,4.624298904216544
VHL16757,5.3682253963270865
VHL15181,9.530921320881513
VHL14613,4.257115485443388
VHL17238,1.751722101276614
VHL12083,9.525719612661563
VHL16344,8.12740060285032
VHL19413,8.705865847040272
VHL17430,3.9181351603203534
VHL14996,20.443298673259914
VHL13423,4.9549007663111535
VHL13162,18.864596308429366
VHL14672,9.571130529674898
VHL12020,3.2089789561184894
VHL16103,2.6842377525304553
VHL10650,5.171374250352883
VHL15234,2.1150555553522064
VHL11305,2.898600229049671
VHL18180,2.1152212701710353
VHL17458,3.4646814895853146
VHL15835,3.8471703359256035
VHL17211,5.734764788198131
VHL17209,11.791278445164098
VHL18693,6.2927841105963696
VHL18975,5.3495955515754625
VHL18976,2.3457207973485463
VHL15391,7.2480146671708185
VHL13071,18.658050067384167
VHL19241,10.095476336869766
VHL14944,9.82420379427869
VHL19128,4.053857421850207
VHL18577,5.667254103174773
VHL15429,8.999967471651457
VHL12217,4.763071546926709
VHL15705,12.303514181191458
VHL19888,7.873772650993111
VHL11906,7.83127466025688
VHL15757,14.477627887061685
VHL11938,5.235271033419276
VHL10969,2.736850177495384
VHL11777,11.208303567867656
VHL16275,2.518331704538286
VHL14235,19.022231165716192
VHL10496,13.28289599519779
VHL18481,3.310376085770598
VHL17185,8.47892617894873
VHL15960,3.53166340668
VHL11313,7.35823817150192
VHL11288,8.861829250810759
VHL12337,9.499719124126425
VHL14268,5.69819879968326
VHL10015,4.964032961368608
VHL16136,5.583296024286583
VHL17903,7.238930476715831
VHL14018,8.250218821067271
VHL17473,9.44491691368044
VHL11480,30.218957057092386
VHL13881,2.3678498111931225
